test_id,total_cost
tour_1,19730158.602680944
tour_100,11105697.089804579
tour_1001,5934177.602816989
tour_1006,202688.77940793987
tour_1009,17318853.4457676
tour_1010,5386305.142320041
tour_1014,10046663.082027268
tour_1015,252323.85995458812
tour_1019,-2692133.604109436
tour_1020,4067343.383252344
tour_1023,13199801.422400482
tour_1025,18215192.010814387
tour_1031,23855117.78438682
tour_1037,802173.5864879116
tour_1044,6214854.92513598
tour_1053,8724252.715176672
tour_1056,4151787.21886349
tour_106,8028895.450007108
tour_1064,6924598.107158556
tour_1069,16914427.999976616
tour_1077,3121691.8799343435
tour_1084,5995231.741802325
tour_1087,14533323.750948
tour_1089,1172817.3464162974
tour_1091,6268120.3237402225
tour_1093,6827286.494781046
tour_1094,5395236.066107326
tour_110,41186.82266058726
tour_1100,1931964.204273168
tour_1101,18440623.929499276
tour_1105,6539246.023048132
tour_1106,12463649.566500142
tour_111,263675.12494204147
tour_1112,17462531.813854378
tour_1113,15095174.26817479
tour_1114,41186.82266058726
tour_1117,1445226.83691807
tour_1119,5359811.228642845
tour_1127,6768716.052177866
tour_1140,2923131.201443809
tour_1141,4891250.012944627
tour_1143,5701255.774918615
tour_1145,1566925.1769564943
tour_1148,2525096.266483008
tour_1153,2576857.3606737806
tour_1156,1581008.2989803962
tour_1157,2861858.748236037
tour_1160,2924637.964664246
tour_1169,12289868.455009487
tour_1170,1198251.733427653
tour_1177,1172817.3464162974
tour_1180,3654756.473839174
tour_1185,4269750.159446351
tour_1187,3955771.2143853614
tour_1189,22317369.632954568
tour_119,8267452.321556444
tour_1199,3343408.402571236
tour_120,-1461976.1227186767
tour_1204,8620740.765802786
tour_1206,8613032.136909872
tour_1218,1690114.741958337
tour_1223,4036610.849318263
tour_1225,4374275.521144946
tour_1227,5521773.438158614
tour_1228,-3012377.0843813773
tour_1229,3614346.644635855
tour_1232,17567613.79051877
tour_1236,20730485.43406634
tour_1237,2327911.9407838183
tour_124,5434597.745511018
tour_1240,632348.5684708827
tour_1243,1074290.3887812477
tour_125,3238545.387221493
tour_1250,16938526.021629423
tour_1251,8880307.766353685
tour_1255,10156968.500541598
tour_1257,3236575.0708219483
tour_1258,7725774.720169296
tour_1264,2850773.614395989
tour_1266,5210591.303142914
tour_1268,11690923.94885318
tour_1269,-212587.8917236328
tour_127,6051331.238398592
tour_1270,4840908.927079366
tour_1272,-57340.13497446198
tour_1277,3166048.7900845315
tour_1280,6331945.13638484
tour_1283,13737098.678463079
tour_1284,11161821.915431969
tour_1285,4024790.7319023423
tour_1288,1420564.2295512771
tour_1292,4742480.112245319
tour_1293,3851810.3891092716
tour_1297,6559997.7167364275
tour_1299,6195860.879493407
tour_130,5139330.038829623
tour_1300,4647430.234230251
tour_1301,11982435.345382862
tour_1307,3256252.686449905
tour_131,2826111.0070291962
tour_1317,18559489.087037094
tour_1318,6517336.392178326
tour_1320,7984488.765614036
tour_1322,657011.1758376765
tour_1323,3931572.160197676
tour_1341,4643855.011809267
tour_1346,5535230.740263927
tour_1348,1521051.264578213
tour_1352,14498058.318227395
tour_1354,10788903.17232389
tour_1355,13955008.202587876
tour_1365,2949300.572031039
tour_1366,12982665.6108822
tour_1374,3341468.3017056137
tour_1378,6174520.803400434
tour_1389,5609528.428177367
tour_1392,435294.65320078423
tour_1396,-204730.3935115966
tour_1398,8262276.392815341
tour_140,41186.82266058726
tour_1403,3970636.2226744974
tour_1407,16830360.759756394
tour_1416,2105423.638502363
tour_1421,7044123.610495669
tour_1424,12348473.196954917
tour_1428,13021236.997625388
tour_1433,1074290.3887812477
tour_1434,11168386.628027294
tour_1435,998455.7221134482
tour_1437,1318699.2023853888
tour_1438,1949681.7425092375
tour_1441,-57340.13497446198
tour_1442,1814672.060091474
tour_1449,4607661.641855418
tour_1450,18170366.248235732
tour_1451,3561663.3838451644
tour_1459,8832719.250339996
tour_1463,2629057.0917590978
tour_1468,4698123.202095131
tour_1470,-155867.09260951122
tour_1477,6763262.208010561
tour_1479,22433370.47090093
tour_1484,5609528.428177367
tour_1488,20699237.175355125
tour_1497,10597912.819313124
tour_1499,7769403.504438891
tour_15,5412494.489433534
tour_1502,6221891.239991493
tour_1503,10963264.79662674
tour_1515,14936343.466053426
tour_1517,14035770.882057972
tour_1521,6898830.789416342
tour_1522,2530530.134124049
tour_1523,11752538.345025368
tour_1527,3805946.7157386476
tour_153,4730209.970028774
tour_1532,12792884.645029858
tour_1535,-304315.2384648798
tour_1539,9589190.02275426
tour_154,9412502.285693116
tour_1540,14911206.14392791
tour_1544,6341153.700572732
tour_1546,2182749.5301335836
tour_1549,1808774.6392713245
tour_1552,10274947.351910327
tour_1553,10481981.273438945
tour_1554,217378.11392623186
tour_1557,2721247.9916794533
tour_1566,12922534.080812406
tour_1568,41186.82266058726
tour_1569,16661004.810394645
tour_158,4297215.760661133
tour_1583,24687089.60817643
tour_1584,18657713.333682857
tour_1588,5655392.101547993
tour_159,18596801.18646209
tour_1594,582427.3802505638
tour_1595,8915032.55827156
tour_160,5445949.010498472
tour_1603,18809361.983816195
tour_1608,6268120.3237402225
tour_161,9738198.062634606
tour_1611,15091831.50736152
tour_1615,4304035.348081199
tour_1622,3214784.969928353
tour_1624,10994530.177075583
tour_1625,15958906.954643615
tour_1627,5381012.294646674
tour_1630,-57340.13497446198
tour_1632,10958754.87456911
tour_1637,12247128.164356321
tour_164,4561848.690268531
tour_1641,5013537.387872816
tour_1643,32091037.9277951
tour_1649,5066200.672137241
tour_1650,17762664.340853177
tour_1651,18443254.830173634
tour_1654,336767.695565735
tour_1657,19104942.85672134
tour_1660,4080931.0957867485
tour_1668,3486761.1227849405
tour_167,5024461.763362863
tour_1674,18883226.33408445
tour_1676,9478193.62718422
tour_1680,4044468.347530298
tour_1682,19104942.85672134
tour_1689,139713.7802956365
tour_1695,16801302.19554053
tour_1696,2924637.964664246
tour_1699,17604887.4338326
tour_1704,139713.7802956365
tour_171,730875.526105932
tour_1711,139713.7802956365
tour_1717,14259397.258218132
tour_1718,4489572.062111606
tour_1734,19034415.777310476
tour_1743,13091505.92271274
tour_1744,20376930.380827878
tour_1745,12730363.572688535
tour_175,14405966.590277895
tour_1754,9710366.43319925
tour_1759,19301996.771991443
tour_1766,16024437.799447589
tour_177,11242483.683367155
tour_1770,17412762.994527977
tour_1772,5286468.807968022
tour_1773,16849601.92561531
tour_1777,6205137.814294594
tour_178,650055.8676992944
tour_179,2727584.0493941465
tour_1792,16395616.363377366
tour_1793,18431610.386528555
tour_1796,20672511.253733028
tour_1804,15485939.337901719
tour_1809,11884146.487949014
tour_1815,10765662.833483584
tour_1819,5781939.712606938
tour_1820,10506643.880805742
tour_1826,17381112.67636337
tour_1827,23948053.5936885
tour_183,9005230.49486493
tour_1830,20824159.903866366
tour_1834,15604816.651258223
tour_1836,11119924.362230271
tour_1839,5940679.59678392
tour_1843,22106524.771426193
tour_1846,14171052.664762124
tour_1849,7535886.3444990115
tour_1856,16834565.196353335
tour_1863,13399006.907374628
tour_1864,9105224.877108373
tour_1865,5300425.000933603
tour_1868,5261979.730585057
tour_1874,2117677.093563471
tour_1879,19104942.85672134
tour_188,1322037.2719162274
tour_1888,2530530.134124049
tour_1889,18536065.411938284
tour_1892,18215192.010814387
tour_1894,17876755.69173013
tour_1901,3090693.2148528555
tour_1903,21710902.52258181
tour_191,15793806.0685274
tour_1910,-378179.5887331348
tour_1912,12084153.293044686
tour_1924,14071552.89226637
tour_1928,19752271.39109009
tour_1932,11183328.644143458
tour_1939,9240487.457350824
tour_1948,12322161.41543299
tour_1951,19290645.50700399
tour_1952,19073384.16519509
tour_1954,15096026.4116268
tour_1955,15594688.839002002
tour_1957,9537047.402766302
tour_196,16678712.109623052
tour_1964,4017991.1210085386
tour_1966,9801204.45455883
tour_1976,18460659.418412756
tour_198,4154795.4460550053
tour_1983,12548757.669230714
tour_1984,20494769.54371278
tour_1987,20725632.946231317
tour_1989,5800073.738896328
tour_199,13169972.167968567
tour_1990,3859214.573149857
tour_1991,15321286.747660752
tour_1992,1491090.510288694
tour_1994,16957044.091533653
tour_1995,18012457.514741473
tour_1998,16452599.63013709
tour_200,6452626.071881113
tour_2007,6095654.611801474
tour_201,361430.3029325288
tour_2010,11884146.487949014
tour_2011,17519746.752212454
tour_2012,558484.2182026273
tour_2013,10689540.741070334
tour_2014,1591587.7843232881
tour_2017,22029459.2883709
tour_2023,13480391.146456074
tour_2025,11454546.879478525
tour_2030,3410936.6951247985
tour_2035,16470286.95283924
tour_2044,17948211.29389124
tour_2051,238240.73793068575
tour_2053,15292864.906237919
tour_2056,16140445.319675535
tour_2061,20528579.03096122
tour_2062,8730448.080936447
tour_2065,858461.0479568467
tour_2066,4114708.5205940446
tour_2074,10495304.594389997
tour_2075,15827383.884177487
tour_2086,15925910.84181254
tour_209,3979395.910960187
tour_2091,20067051.494863067
tour_2097,-611247.3763574809
tour_21,16429904.564698443
tour_2102,1846758.8280251166
tour_2108,6099732.927371173
tour_2117,-746257.0587752447
tour_2120,41186.82266058726
tour_2126,13639957.503333867
tour_2127,1369871.2616863959
tour_2128,20679769.272860695
tour_2132,1671677.7584034102
tour_2133,18513781.110911045
tour_2137,23587011.37974257
tour_2141,15973374.341781639
tour_2142,18950543.335046567
tour_2147,3638468.6111999145
tour_2148,16000476.329570655
tour_2150,-57340.13497446198
tour_2165,2629057.0917590978
tour_2167,16229981.094673522
tour_2171,3415765.989619055
tour_2173,21533160.81256156
tour_2174,13340098.807546366
tour_2181,16026496.034279928
tour_2189,139713.7802956365
tour_2192,941240.7837553704
tour_2193,3881906.8641171055
tour_2197,41186.82266058726
tour_2198,8944478.012850147
tour_220,19542505.61252502
tour_2208,15477024.129618425
tour_2214,12109941.326155607
tour_2215,16765867.825744387
tour_2219,1862506.0498616416
tour_222,1566925.1769564943
tour_2224,7026463.1343244435
tour_2225,3244881.444936186
tour_2226,19702196.359809365
tour_2227,13733968.53788536
tour_2232,12625691.199285295
tour_2235,4351849.361325103
tour_2238,21346452.735341854
tour_224,2709896.7266920004
tour_2244,2530530.134124049
tour_2245,6037266.453553346
tour_2247,12117587.611349698
tour_2249,3515799.7104745405
tour_2256,21124736.212704957
tour_2257,3957741.530784906
tour_2259,4987368.017285586
tour_226,361430.3029325288
tour_2262,12627929.698753357
tour_2264,3162121.6856639273
tour_2269,13307762.685662627
tour_227,15769017.069818888
tour_2272,19540880.729977317
tour_2273,4655016.540189461
tour_2275,2006896.6808673143
tour_2279,17062276.671380218
tour_2287,3405921.487852038
tour_229,-1608337.0701238941
tour_2293,12472641.164757915
tour_2298,-698423.0690050768
tour_2300,1666682.5276569147
tour_2303,19119903.770503804
tour_2304,435294.65320078423
tour_2307,1961033.0074966913
tour_2309,3399585.4301373446
tour_2316,730875.526105932
tour_2320,-1527048.5592887893
tour_2322,17427555.852292098
tour_2323,10549106.014682248
tour_2332,3168019.106484076
tour_2335,10132587.7309798
tour_234,4788343.785615942
tour_2340,13317934.804580718
tour_2341,11119006.692619868
tour_2350,2836414.122217023
tour_2359,15996281.425305378
tour_236,3726054.534221153
tour_2363,12244684.092651669
tour_2365,18460659.418412756
tour_2366,12887873.848574437
tour_2369,14469958.522215188
tour_237,16466161.591471199
tour_2379,19383624.631789442
tour_239,11664612.167331252
tour_2390,11773062.173946187
tour_2393,6379457.492658191
tour_2397,4348830.895125931
tour_2404,41186.82266058726
tour_2406,975763.4311461989
tour_2413,3162121.6856639273
tour_2415,164376.3876624303
tour_2418,-57340.13497446198
tour_2427,8343620.634591955
tour_2430,3859214.573149857
tour_2431,13226189.681884684
tour_2432,4766423.274293256
tour_2437,9713817.293072809
tour_244,5142503.700784323
tour_2442,15186181.88624331
tour_2452,17046655.840885412
tour_2456,23111707.90935882
tour_2460,12936366.175304882
tour_2464,3434686.873410281
tour_2467,10257927.028785322
tour_2468,19850309.308176197
tour_247,16837619.969201453
tour_2472,13193041.1075393
tour_2473,5070586.389978655
tour_2474,4197182.039805647
tour_2477,9784886.318157613
tour_248,13988944.560370017
tour_2481,18255859.195667777
tour_2491,-2495079.6888393373
tour_2494,3392630.121998962
tour_2496,4647465.258564346
tour_2497,9349155.502299082
tour_2506,16823204.39903422
tour_2508,20339027.64771965
tour_2509,-1585165.6877205197
tour_2512,17502640.033913385
tour_2513,16907930.26706499
tour_2514,8855618.524050184
tour_2520,18093409.92110133
tour_2522,4866138.52967563
tour_2523,15497316.094891604
tour_2531,-870814.3769083812
tour_2539,11062391.23334616
tour_2541,5730178.618416165
tour_2546,10946615.384716563
tour_2552,4866138.52967563
tour_2554,3878908.8759332495
tour_2555,998455.7221134482
tour_2556,41186.82266058726
tour_2561,1908369.7232322646
tour_2568,1271344.3040513461
tour_2571,2524194.076409355
tour_2577,1816632.1374833602
tour_2581,16817157.312336113
tour_2582,12574108.301934838
tour_2589,5493617.064016402
tour_2591,686069.740053542
tour_2593,12196824.546821576
tour_2595,12963920.400861822
tour_2596,17415619.80013663
tour_2597,5460308.502677438
tour_2599,17537685.723039217
tour_26,11184433.271390572
tour_2603,1172817.3464162974
tour_2604,18905480.1933441
tour_261,13970423.527071044
tour_2612,5609528.428177367
tour_2614,15921613.042403918
tour_2616,4906704.056123529
tour_2619,17687674.35894759
tour_262,7156467.848477106
tour_2624,19248875.079493154
tour_2626,3038029.9305884307
tour_2628,1716145.1024564244
tour_2640,3301058.472502296
tour_2641,-2298025.773569239
tour_2642,3380810.004583042
tour_2645,4767611.572040581
tour_2649,22097865.30837636
tour_2653,5621338.306585631
tour_2657,41186.82266058726
tour_266,-57340.13497446198
tour_2668,4101397.1782147055
tour_267,79499.21440609731
tour_2676,3023164.9222992947
tour_268,13159391.593197163
tour_2681,6859282.069550519
tour_2683,30182511.435954485
tour_2686,9001389.533542942
tour_2688,12223216.842287868
tour_269,607089.9876173576
tour_2690,7587371.068534718
tour_2691,8217415.892761766
tour_2692,5423246.480523565
tour_2700,10000805.645210214
tour_2704,14838190.33807275
tour_2706,10194602.497666609
tour_2707,10008883.451454908
tour_2713,10992020.649853323
tour_272,17705752.113484383
tour_2720,12424833.120653
tour_2724,2727584.0493941465
tour_2732,4565259.509847757
tour_2738,4686791.913633944
tour_2740,14230338.694002267
tour_2744,3509463.652759847
tour_2747,12714792.236217067
tour_2752,18181727.957417794
tour_2761,13089969.3880742
tour_2763,21747619.316070788
tour_2766,11287601.522758469
tour_2779,25396723.800839655
tour_278,7201931.551134684
tour_2781,13252923.114898771
tour_2784,4277985.011056847
tour_2787,361430.3029325288
tour_279,5057738.600778423
tour_2790,5391660.843686341
tour_2796,14246196.354374219
tour_2797,16108116.224354725
tour_2799,5933054.458632852
tour_280,4154060.4624791304
tour_2803,4632886.425914412
tour_2805,1591587.7843232881
tour_2808,17410171.240579233
tour_2812,19505553.82371963
tour_282,998455.7221134482
tour_2821,1690114.741958337
tour_2822,36050981.26846779
tour_2823,2808423.684327049
tour_2825,18977956.8139548
tour_2832,10626371.90444462
tour_284,262903.34529747954
tour_2843,11903884.28416942
tour_2848,2327140.1611392563
tour_2852,3859214.573149857
tour_2853,15719250.741203438
tour_2854,2653719.6991258906
tour_2857,1369871.2616863959
tour_2868,5963402.103285092
tour_2869,1836179.3426822256
tour_2873,3805946.7157386476
tour_2874,16320018.672352735
tour_2877,18953294.206588004
tour_2878,-155867.09260951122
tour_2879,8036010.885585702
tour_288,6189228.475097383
tour_2893,4113936.7409494827
tour_2897,4767611.572040581
tour_2898,1887168.6572284354
tour_29,5803475.973454951
tour_2901,10410737.93373081
tour_2907,5333543.715254611
tour_2914,20947349.468868215
tour_2923,1124983.356646129
tour_2925,19788275.731112678
tour_2926,4712988.210384267
tour_2927,12281751.58622967
tour_2928,20086874.363541
tour_2931,1099724.7757926034
tour_2934,751480.6186230304
tour_2941,1026456.3990110797
tour_2947,2701414.678806917
tour_2948,1268778.01416507
tour_2951,4501069.286825034
tour_2953,13094514.149904251
tour_2955,9890819.527628653
tour_2956,9170971.056459174
tour_2964,11353921.802341733
tour_2967,4669084.614405532
tour_2983,1953774.9883690253
tour_2986,14752116.800877083
tour_2989,3859214.573149857
tour_2995,1294036.595018596
tour_3,1445226.83691807
tour_300,19006415.899086293
tour_3020,19097518.90134144
tour_3021,8315541.791419583
tour_3025,16600156.224728033
tour_3029,41186.82266058726
tour_3030,6379447.253650534
tour_3034,16962941.71754075
tour_3045,10722001.073423583
tour_3058,7883531.22777116
tour_3065,2752246.6567609394
tour_308,19378724.374855682
tour_3083,2627550.328538661
tour_3085,15375111.12292004
tour_3094,2579831.363116041
tour_3096,4351849.361325103
tour_3097,9899731.41219388
tour_3098,13014708.885378834
tour_3099,139713.7802956365
tour_310,1742038.1028885897
tour_3101,2721247.9916794533
tour_3106,15079454.757715262
tour_311,1172817.3464162974
tour_3110,18729070.74975729
tour_312,12165574.214180566
tour_3122,1369871.2616863959
tour_3123,1908369.7232322646
tour_3125,-652559.3956344528
tour_3128,9051991.70127223
tour_313,4982059.631355203
tour_3133,19093591.591733888
tour_3134,21539214.135813236
tour_3136,11967849.2145412
tour_3139,10856844.61440216
tour_3141,262903.34529747954
tour_3145,18060069.796665557
tour_3147,10749103.0612126
tour_315,1124983.356646129
tour_3165,14940182.857228182
tour_3168,361430.3029325288
tour_3179,13340098.807546366
tour_3191,12551656.409830458
tour_3195,6732152.320678021
tour_320,4943011.107135399
tour_3208,19297451.35445136
tour_3209,17082291.891367838
tour_3210,14395894.664634276
tour_3212,14905086.222755421
tour_3217,13321796.720516015
tour_3218,18941129.723978426
tour_323,-994003.9419102243
tour_3233,-57340.13497446198
tour_3235,19649338.944274306
tour_3237,3091595.4049265096
tour_3244,-155867.09260951122
tour_3247,19544914.360632166
tour_3249,17329028.89465705
tour_3252,11242196.25762171
tour_3254,5216870.249760249
tour_3257,14715204.239414223
tour_3259,3047827.5296660876
tour_3261,2228613.2035042075
tour_3267,13183454.721479587
tour_3269,1172817.3464162974
tour_3271,19093591.591733888
tour_3273,1931062.0141995149
tour_3283,15907145.860452838
tour_329,2569902.052535398
tour_33,17450581.069782555
tour_3303,13286977.115048077
tour_3304,1271344.3040513461
tour_3306,1812574.6226336649
tour_3310,20774905.90577068
tour_3312,15978682.021036021
tour_3316,13286977.115048077
tour_3319,16163124.900359087
tour_3322,17981443.66238897
tour_3326,9705666.53236333
tour_3327,14870114.984724626
tour_333,4414069.267948282
tour_3332,12700406.319364052
tour_3334,15421252.39292663
tour_3335,18415254.153275996
tour_3339,1099724.7757926034
tour_334,1788641.6995933866
tour_3342,7101597.543851423
tour_3345,9221495.632141482
tour_3346,16100559.891860843
tour_3350,1051119.0063778735
tour_3353,12013604.992952764
tour_3358,1369871.2616863959
tour_336,2478330.403038731
tour_3361,1195509.6373835467
tour_3365,10679035.188709047
tour_337,8113932.750703649
tour_3372,2228613.2035042075
tour_3384,4915010.430237766
tour_3389,9759994.093687348
tour_3392,15793806.0685274
tour_3404,15099565.710988406
tour_341,20777451.517087303
tour_3414,1271344.3040513461
tour_3421,12834752.156076148
tour_3423,20617959.108714625
tour_3425,16962941.71754075
tour_3426,1493060.8266882384
tour_343,5874012.4932000255
tour_3441,262903.34529747954
tour_3444,10736099.121104974
tour_345,262903.34529747954
tour_3451,2183521.3097781455
tour_3455,14522729.701438673
tour_3459,1172817.3464162974
tour_346,16777239.067258105
tour_3462,13286977.115048077
tour_3465,2105423.638502363
tour_3473,17609469.720241334
tour_3476,-57340.13497446198
tour_3479,17427555.852292098
tour_348,15389057.465574298
tour_3480,19364216.67861462
tour_3485,4014790.5328907454
tour_3494,14170079.84990142
tour_3497,11470248.837973293
tour_35,1369871.2616863959
tour_3504,18066551.58787256
tour_3513,10211063.007900592
tour_3516,-57340.13497446198
tour_3523,8487102.125887144
tour_3525,12680854.852703307
tour_3526,139713.7802956365
tour_353,14104623.353404135
tour_3530,14125647.399625365
tour_3533,2641951.7836486893
tour_3535,632348.5684708827
tour_3540,4816483.472602717
tour_3548,13286977.115048077
tour_356,1468398.2193214446
tour_3561,15012390.018340807
tour_3562,15593716.024141297
tour_3567,1654100.8696040902
tour_3571,10211063.007900592
tour_3572,19240071.089886982
tour_3579,12030411.918702103
tour_3589,11485113.846262433
tour_3593,5870309.013291082
tour_3598,13340098.807546366
tour_36,1172817.3464162974
tour_3600,15041257.090244513
tour_3603,18060238.33968636
tour_3605,13666093.796738721
tour_3609,15593046.917643461
tour_361,13730486.373049367
tour_3610,12478689.796727162
tour_3613,2766043.538724185
tour_3615,11301643.596212659
tour_3618,13534485.653815068
tour_3620,20605549.956408937
tour_3622,11537777.130526856
tour_3623,19641378.00401191
tour_3626,14237263.477039699
tour_3637,3399585.4301373446
tour_364,-709774.3339925301
tour_3644,11850853.83382199
tour_3645,15148998.643434078
tour_3650,3535494.013257934
tour_3654,18415254.153275996
tour_3657,2727584.0493941465
tour_3659,-57340.13497446198
tour_3662,2478330.403038731
tour_3665,2006896.6808673143
tour_3668,1172817.3464162974
tour_367,6833788.4887479795
tour_3674,2525096.266483008
tour_3679,11636304.088161904
tour_3680,17495986.334919315
tour_3684,9816955.177360397
tour_3690,12537801.25092297
tour_3691,102786197.78196967
tour_3692,17327990.983865082
tour_3693,4192197.04806681
tour_3704,1124983.356646129
tour_3709,4351849.361325103
tour_3711,13063802.910568211
tour_3715,-146613.26507986616
tour_3716,17101878.50437912
tour_3722,1369871.2616863959
tour_3723,1172817.3464162974
tour_3726,17197346.62598131
tour_3727,139713.7802956365
tour_373,-1782219.6029906182
tour_3732,1665452.134591543
tour_3739,20643556.131567527
tour_374,2048208.7001442872
tour_3742,21071086.2577602
tour_3750,13598494.47809475
tour_3751,11831024.795450725
tour_3758,1124983.356646129
tour_3759,114455.19944211096
tour_3761,14808078.083943047
tour_3768,-1560503.080353726
tour_3771,-57340.13497446198
tour_3773,1072320.0723817027
tour_3774,2727584.0493941465
tour_3776,657011.1758376765
tour_3779,4070654.4052729663
tour_378,1515753.1176554868
tour_3787,11780694.719167579
tour_379,4738553.007824715
tour_3795,10211063.007900592
tour_3798,15183176.420222674
tour_3802,7999549.016619624
tour_3827,21218267.73440656
tour_3828,21021213.819136463
tour_3830,15647810.531500291
tour_3832,13731539.56908517
tour_3833,13382837.00368173
tour_3834,9393436.247548003
tour_384,7251501.039336736
tour_3841,1647734.5963554746
tour_3845,435294.65320078423
tour_385,15474383.519365434
tour_3855,13509216.656706914
tour_3856,-57340.13497446198
tour_3857,41186.82266058726
tour_386,-554032.437999404
tour_3864,41186.82266058726
tour_3866,-410135.946237687
tour_3869,6239517.532502773
tour_387,1445226.83691807
tour_3870,17016063.410039037
tour_3872,262903.34529747954
tour_3873,16026496.034279928
tour_3877,4089274.13358269
tour_3879,-1683692.645355569
tour_389,7872650.465599646
tour_3896,2529492.223332079
tour_390,8065069.449801567
tour_3902,8720443.544349615
tour_3908,19446036.88972231
tour_3912,17481395.157841478
tour_3915,1937861.6250933167
tour_3916,17322506.507382695
tour_3917,3777043.8487673635
tour_3928,11530448.486612137
tour_3930,15647810.531500291
tour_3934,336767.695565735
tour_3935,10696439.776948173
tour_3936,14439055.36537904
tour_3938,13055894.691631105
tour_3939,-3012377.0843813773
tour_3940,19694499.6965102
tour_3942,3430218.166512822
tour_3945,1665452.134591543
tour_3954,730875.526105932
tour_3966,1614280.0752905365
tour_3970,13053596.172239844
tour_3989,17204202.11702584
tour_3990,13741641.45444223
tour_3993,19703958.80496558
tour_3995,13910694.692814697
tour_3996,11915842.520717472
tour_3999,21408176.604931016
tour_4000,-57340.13497446198
tour_4010,12646483.211274631
tour_4015,12478689.796727162
tour_4016,15447053.13632125
tour_4019,16760141.881290693
tour_402,1511539.9055612125
tour_4020,2203950.596137413
tour_4032,19571310.131508358
tour_4033,17532649.542432077
tour_4034,2274321.1796302507
tour_4035,19571310.131508358
tour_4037,19571310.131508358
tour_404,1074290.3887812477
tour_4042,6321449.450008067
tour_4048,16637551.795373216
tour_405,15840793.38399728
tour_4050,5630729.494181198
tour_4051,2629057.0917590978
tour_406,2946302.5838471837
tour_4061,1172817.3464162974
tour_4069,18798010.71882874
tour_4070,13535943.80633049
tour_4073,7844353.442020684
tour_4081,11341010.641002208
tour_4082,1198251.733427653
tour_4088,11194437.807977408
tour_4089,2762560.010956425
tour_41,-155867.09260951122
tour_4102,11470248.837973293
tour_4103,13340098.807546366
tour_4104,12055639.106743708
tour_4109,16987410.40553534
tour_411,4855825.175480145
tour_4111,19192070.747083418
tour_4116,829402.4837409812
tour_4126,14748524.539645262
tour_4132,3654756.473839174
tour_4136,13910095.213730324
tour_4138,15973374.341781639
tour_4139,3859214.573149857
tour_414,-1683692.645355569
tour_4141,17368400.813068397
tour_4143,12365311.877170093
tour_4144,16536666.870357316
tour_4145,8126126.75777517
tour_4146,1074290.3887812477
tour_4151,4177487.7370222537
tour_4152,1908369.7232322646
tour_4162,4792723.055309577
tour_4163,12608639.676590186
tour_4166,15176852.306587003
tour_4173,3140018.429586443
tour_4174,14136807.17230066
tour_4175,11982366.043312348
tour_4177,-1108278.1213817985
tour_4178,14342772.972135987
tour_418,2450329.726141099
tour_4182,1198251.733427653
tour_4184,1690114.741958337
tour_4185,4217015.352678184
tour_4188,16973803.94197926
tour_419,12319193.180713449
tour_4192,16070745.254658002
tour_4194,21579623.96501656
tour_4196,15348158.595822036
tour_4199,13901273.922137972
tour_42,41186.82266058726
tour_4204,730875.526105932
tour_4211,9922529.875602078
tour_4212,19115587.90479597
tour_4217,14136807.17230066
tour_4219,13107852.62363363
tour_4226,1369871.2616863959
tour_4228,16962941.71754075
tour_4229,973793.1147466535
tour_423,5562183.267361932
tour_4234,-1486638.7300854705
tour_4235,2054251.5792013574
tour_424,362202.0825770907
tour_4247,16445745.980404202
tour_4250,1172817.3464162974
tour_4253,13090143.507810641
tour_4260,11191349.3320763
tour_4268,2130086.245869158
tour_4280,5144914.293426019
tour_4284,10848088.42708151
tour_4289,12796962.960599557
tour_4293,12523122.247003216
tour_4294,7597012.196535586
tour_4296,650055.8676992944
tour_4298,4201112.433597078
tour_43,2123564.2753759613
tour_4302,12151419.281684816
tour_4317,17415166.676512677
tour_4321,15506671.756664027
tour_4327,17556161.698183384
tour_4328,16678712.109623052
tour_4330,16962941.71754075
tour_434,5011567.071473272
tour_4340,5520715.550840381
tour_4347,5041538.064770448
tour_435,16120994.44068309
tour_4350,-1122501.8928424492
tour_4354,1394533.8690531896
tour_4358,1072320.0723817027
tour_4363,16326354.730067432
tour_4365,13111681.585253231
tour_4372,-253622.27059999853
tour_4374,7841213.576370173
tour_438,2942964.5143163456
tour_4381,336767.695565735
tour_4384,1887168.6572284354
tour_4386,12368362.698202457
tour_4394,11938240.995308012
tour_4396,3851810.3891092716
tour_4402,13340098.807546366
tour_4411,3957741.530784906
tour_4417,18756240.291317906
tour_442,-57340.13497446198
tour_4420,16153331.07108432
tour_4421,41186.82266058726
tour_4425,13286977.115048077
tour_4435,2629057.0917590978
tour_4443,11219141.192590468
tour_4444,3047827.5296660876
tour_4445,16256679.576538995
tour_4448,16962941.71754075
tour_4449,22844727.19243567
tour_4451,-1046667.22617465
tour_4463,1369871.2616863959
tour_4464,10889400.446358483
tour_4467,21173106.98217067
tour_4470,4518796.56257971
tour_4474,5192738.044188528
tour_4475,8956242.91914304
tour_4479,4734312.748220224
tour_4487,2629057.0917590978
tour_4491,2571548.974743397
tour_4492,-57340.13497446198
tour_4496,1172817.3464162974
tour_4497,4147391.26201442
tour_4499,12780132.295384876
tour_4501,2530530.134124049
tour_4507,21731272.615149897
tour_4508,14136807.17230066
tour_4509,1172817.3464162974
tour_451,1566925.1769564943
tour_4514,4693293.907600874
tour_4520,19990080.56941535
tour_4521,9792292.5699936
tour_4529,998455.7221134482
tour_4533,15591519.966302548
tour_4543,3168019.106484076
tour_4549,21608083.05014805
tour_4562,13677445.061726175
tour_4569,23140308.06534082
tour_4571,12607141.508397203
tour_4575,20771038.211368077
tour_4578,17948191.31736498
tour_4581,-870814.3769083812
tour_459,13576245.669703875
tour_460,7676654.437647783
tour_4602,13286977.115048077
tour_4603,18088508.679037124
tour_4618,19939924.381246015
tour_4620,22319468.85663123
tour_4621,20771038.211368077
tour_4625,2182749.5301335836
tour_463,899928.764478399
tour_4641,15099565.710988406
tour_4659,657011.1758376765
tour_4666,2059559.96513174
tour_467,6887380.8892491525
tour_4675,15627221.516480021
tour_4679,17101878.50437912
tour_4681,10454944.445885774
tour_4682,9839381.045953855
tour_4691,7290565.101813558
tour_4698,776739.199476555
tour_470,14275144.480054658
tour_4702,8265385.603250249
tour_4704,17725107.041596793
tour_4707,3417272.7528394917
tour_4712,2870467.9171793843
tour_4721,1880985.1287346156
tour_4722,17125452.592112597
tour_4723,10477990.876302041
tour_473,336767.695565735
tour_4730,6321449.450008067
tour_4739,6861918.2279534815
tour_4742,2478320.1640310725
tour_4743,5645098.723878772
tour_4756,9016581.759852383
tour_476,5986397.811917621
tour_4769,17286780.622993603
tour_477,2524194.076409355
tour_4782,17016063.410039037
tour_4784,41186.82266058726
tour_4787,18949200.960728217
tour_4807,4518796.56257971
tour_4811,16678485.372987542
tour_4812,12577216.75436221
tour_4816,11864356.668513492
tour_482,315894.83255362324
tour_4820,-408306.2792748916
tour_4822,15617120.284933545
tour_4824,19262186.421872493
tour_4826,10284927.358168848
tour_4827,1493060.8266882384
tour_4829,-1928580.5503958357
tour_4831,-1683692.645355569
tour_4832,9890819.527628653
tour_4837,3783379.9064820567
tour_4844,749510.3022234864
tour_4846,5000679.359664925
tour_4848,4913040.113838222
tour_4851,8359032.541363501
tour_4854,19974329.846613783
tour_4869,19290645.50700399
tour_4873,7790155.198127187
tour_4876,17501541.837492112
tour_4878,-31905.74796310626
tour_488,2946302.5838471837
tour_489,10280859.604311496
tour_4892,3859214.573149857
tour_4896,3859214.573149857
tour_49,-155867.09260951122
tour_4903,3121691.8799343435
tour_4905,16418545.629987784
tour_4909,1625814.0850327862
tour_4918,14811998.033539873
tour_4926,19150348.1218581
tour_493,17650171.064037602
tour_4931,10495292.615818288
tour_4935,17315839.18720947
tour_4938,-636822.4128055861
tour_4939,16876326.09153251
tour_4940,19463636.293991663
tour_4945,13346398.580994643
tour_4948,16026496.034279928
tour_4954,2355140.8380368883
tour_4956,17676693.549268518
tour_4960,686069.740053542
tour_4961,976535.2107907608
tour_4962,7515593.059044578
tour_4971,2568087.4333804334
tour_4975,13534485.653815068
tour_4978,4269750.159446351
tour_4980,14796338.552889168
tour_4981,-155867.09260951122
tour_4988,9560716.007332675
tour_499,3023164.9222992947
tour_4995,14395894.664634276
tour_4998,13340098.807546366
tour_5004,2641951.7836486893
tour_5008,6929733.946252494
tour_5009,15647810.531500291
tour_5012,15880047.168441918
tour_5015,15605208.953306735
tour_5016,9792292.5699936
tour_502,-155867.09260951122
tour_5024,13237995.680179276
tour_5033,632348.5684708827
tour_5038,3392630.121998962
tour_5039,12826483.26139995
tour_5041,13603347.657492891
tour_5042,14593168.887937035
tour_5046,13451699.007359553
tour_5050,2117677.093563471
tour_5059,18710835.026181147
tour_5060,14968641.942359678
tour_5062,19715242.354280166
tour_5066,1172817.3464162974
tour_5075,998455.7221134482
tour_5081,11938240.995308012
tour_5090,18609299.841354582
tour_5094,18056108.54432538
tour_5096,2327140.1611392563
tour_5099,18119214.872136988
tour_5103,6266387.160230824
tour_5104,17975282.64936518
tour_5111,10655229.41607669
tour_5113,17360965.996712737
tour_5127,4472030.699135433
tour_5129,17229464.026230033
tour_5138,13860632.79146073
tour_514,2727584.0493941465
tour_5140,-57340.13497446198
tour_5143,41186.82266058726
tour_515,8911509.031369116
tour_5154,11752538.345025368
tour_5155,5742432.073477273
tour_5160,12524095.061863922
tour_5162,4626945.428523687
tour_5168,16452599.63013709
tour_517,4742381.969444317
tour_5174,5197134.0010376
tour_5178,2543424.8260136405
tour_5179,41186.82266058726
tour_5180,-57340.13497446198
tour_5183,435294.65320078423
tour_5186,41186.82266058726
tour_5188,5257946.201476957
tour_5189,13060864.635562114
tour_5193,20955906.38724994
tour_5194,19776507.815635476
tour_5196,7087009.1925765285
tour_5199,41186.82266058726
tour_5203,875266.1571116042
tour_5204,-57340.13497446198
tour_521,-378179.5887331348
tour_5212,17725107.041596793
tour_5213,19649338.944274306
tour_5215,2826111.0070291962
tour_5216,15027676.30867289
tour_5217,18660461.068320453
tour_5219,13233315.167444337
tour_5222,18626518.10003405
tour_5226,3318479.664057036
tour_5235,16391545.300604258
tour_5240,2850773.614395989
tour_5242,1468398.2193214446
tour_525,2629057.0917590978
tour_5254,16129300.81479733
tour_5256,17919052.504439518
tour_5262,14912258.15468432
tour_5266,13286977.115048077
tour_5267,11181770.222893745
tour_5271,16026496.034279928
tour_5278,62940859.19038544
tour_5282,15865042.841839366
tour_5284,-57340.13497446198
tour_5287,19910865.817030147
tour_5292,2530530.134124049
tour_5295,164376.3876624303
tour_5298,18506367.394538805
tour_5302,9040989.47037607
tour_5303,21263672.99954332
tour_5308,311509.11471220944
tour_5309,18293606.231531423
tour_531,2355140.8380368883
tour_532,998455.7221134482
tour_5325,15332441.44408089
tour_5334,21156457.57026049
tour_5337,-2593606.6464743866
tour_5341,17618576.420836788
tour_5342,13012939.2665887
tour_5343,2579831.363116041
tour_5349,-57340.13497446198
tour_5350,10900751.711345937
tour_5354,19442353.77234227
tour_5355,21539214.135813236
tour_536,17240815.291217487
tour_5360,14311350.049908012
tour_5362,41186.82266058726
tour_5367,19992230.444186557
tour_5369,16913136.994589876
tour_5379,1296006.91141814
tour_538,19210732.52476649
tour_5380,22096321.881474227
tour_5386,3159320.701694471
tour_5389,12303290.261632346
tour_539,16777239.067258105
tour_5393,17778228.73409508
tour_5397,11045142.342351612
tour_54,1474285.401133936
tour_5403,1172817.3464162974
tour_5405,238240.73793068575
tour_5406,15973374.341781639
tour_5407,18568400.97160232
tour_5409,-849613.3109045515
tour_5410,19242792.169787496
tour_5420,13353172.049724504
tour_5423,5418850.523674493
tour_543,7180365.245694238
tour_5431,8658979.301022343
tour_5432,19588349.309369378
tour_5438,4148293.452088073
tour_5444,16026496.034279928
tour_5450,7374864.702094751
tour_5452,2101929.871726946
tour_5461,14616677.281779174
tour_5465,-1461976.1227186767
tour_5470,-57340.13497446198
tour_5477,16645257.588558123
tour_5479,15383962.260597102
tour_5481,13298328.38003553
tour_5483,18059450.114821263
tour_5486,41186.82266058726
tour_549,2727584.0493941465
tour_5490,17455576.505715996
tour_5491,11654011.38739032
tour_5492,1908369.7232322646
tour_5495,3102946.6699139634
tour_5499,14824892.725429464
tour_550,1271344.3040513461
tour_5506,-57340.13497446198
tour_5508,22782672.515388735
tour_5509,17199604.93034601
tour_5512,18056108.54432538
tour_5519,262903.34529747954
tour_5521,2530530.134124049
tour_5524,1172817.3464162974
tour_5525,-57340.13497446198
tour_5527,1369871.2616863959
tour_5529,-57340.13497446198
tour_553,1902905.640057303
tour_5531,-155867.09260951122
tour_5546,7353511.524739546
tour_5549,3248239.4909932893
tour_5552,13382837.00368173
tour_5553,16630066.932395913
tour_5555,26067672.540841818
tour_556,11851065.302660417
tour_5566,21522760.49187694
tour_5567,16998356.110810626
tour_5569,3110340.6149468906
tour_557,3883738.1704275077
tour_5586,12017010.088605512
tour_5588,3752381.2414005687
tour_559,336767.695565735
tour_5590,8089429.311933621
tour_5600,17242429.744210035
tour_5601,2158086.92276679
tour_5603,1271344.3040513461
tour_5609,41186.82266058726
tour_561,18367693.994717125
tour_5610,3859214.573149857
tour_5613,1172817.3464162974
tour_5617,4056268.4884199556
tour_5618,1908369.7232322646
tour_5619,2105423.638502363
tour_562,17705752.113484383
tour_5625,41186.82266058726
tour_5628,-2027107.508030885
tour_5629,5079146.085810571
tour_5635,-3012377.0843813773
tour_5639,10879054.799407769
tour_5644,4742381.969444317
tour_5647,-57340.13497446198
tour_5660,15288885.422631621
tour_5661,-1388111.7724504212
tour_567,3859214.573149857
tour_5671,2727584.0493941465
tour_5675,2425667.118774306
tour_5676,9758475.274864674
tour_5677,15022768.673654504
tour_5680,4538626.586081418
tour_5690,-57340.13497446198
tour_5692,1172817.3464162974
tour_5698,-155867.09260951122
tour_570,6525537.510291976
tour_5700,22213152.116457015
tour_5702,9986238.03283633
tour_5704,4118559.9175468767
tour_5708,5826178.503429859
tour_5709,17609283.390681673
tour_5711,13291568.065174349
tour_5715,3957741.530784906
tour_5720,16026496.034279928
tour_5725,10408116.92317069
tour_573,6642492.9842088865
tour_5733,16166233.352786455
tour_5737,7428417.366396983
tour_5740,20344459.865323894
tour_5747,-2692133.604109436
tour_5748,11985145.907821268
tour_5749,4890801.137042423
tour_5750,9915482.134995446
tour_5751,3260648.643298977
tour_5764,5817354.311063762
tour_5768,11884146.487949014
tour_5770,13458469.733842768
tour_5773,2752246.6567609394
tour_5775,20687730.213123087
tour_5778,18971001.505816415
tour_5779,2709896.7266920004
tour_5781,16120213.885541197
tour_5782,14136807.17230066
tour_5783,2949300.572031039
tour_5787,12336371.446920943
tour_5796,2496037.702267143
tour_5804,19678748.973708633
tour_5808,4331364.555618539
tour_5810,10749561.469446462
tour_5811,10366852.882719956
tour_5814,5387811.905540477
tour_5815,9989346.485263702
tour_582,-1956581.2272934671
tour_5823,-999468.025085187
tour_5824,13340098.807546366
tour_5827,9862360.442497157
tour_5829,5325767.672688142
tour_5835,14568027.071616374
tour_5840,20725632.946231317
tour_5845,12231181.257960167
tour_5847,18710835.026181147
tour_5851,2850773.614395989
tour_5854,4179458.053421798
tour_5856,14199963.24747049
tour_5862,2629057.0917590978
tour_5868,3859214.573149857
tour_5879,10456969.631980862
tour_5884,13290366.887631048
tour_5888,16195090.864418529
tour_5893,17238315.163907096
tour_5895,562880.1750516985
tour_5902,952592.0487428242
tour_5906,15621414.760624096
tour_5909,9759611.01425802
tour_5910,3909907.5410147374
tour_5919,1690114.741958337
tour_5923,-155867.09260951122
tour_5928,12685509.018319689
tour_5936,15627508.942225471
tour_5937,3399585.4301373446
tour_5938,4808177.098488479
tour_5943,4154795.4460550053
tour_5946,16026496.034279928
tour_5947,8019579.112207278
tour_595,7314778.83327815
tour_5951,1684989.100782751
tour_5955,5848518.912397486
tour_5957,659309.6952289399
tour_5960,1468398.2193214446
tour_5965,17043761.375947386
tour_5967,4890347.822870973
tour_597,9850505.426671676
tour_5974,16051989.615082465
tour_598,5604699.133683111
tour_5980,21559253.87244847
tour_5997,976535.2107907608
tour_60,5712627.016432333
tour_600,5915881.268698811
tour_6000,4791820.865235924
tour_6002,1908369.7232322646
tour_6013,6861918.2279534815
tour_602,14164318.101973351
tour_6023,19838431.91928201
tour_6024,503567.7992358124
tour_6026,18559186.37604781
tour_6029,16069843.064584348
tour_603,11308182.862837184
tour_6035,10133278.70803551
tour_604,-3110904.0420164266
tour_6044,-1683692.645355569
tour_6047,4315542.310313233
tour_605,2826111.0070291962
tour_6054,18750450.56026987
tour_6057,17876755.69173013
tour_606,4610967.485973801
tour_6064,3614346.644635855
tour_6070,3044829.5414822334
tour_6075,16247053.011193093
tour_6076,14405477.549728949
tour_6078,10278878.726199605
tour_6081,13941745.628524989
tour_6083,12503352.404093955
tour_609,3168019.106484076
tour_6100,21165146.04190827
tour_6106,17254882.706583798
tour_6113,18682678.652038936
tour_6118,2530530.134124049
tour_6123,336767.695565735
tour_6126,-3110904.0420164266
tour_6127,-1659030.0379887752
tour_6128,2629057.0917590978
tour_6129,238240.73793068575
tour_6131,1394533.8690531896
tour_6144,361430.3029325288
tour_6146,-332315.91536251083
tour_6151,2499531.46904256
tour_6157,4915010.430237766
tour_6160,776739.199476555
tour_6161,-155867.09260951122
tour_6170,1074290.3887812477
tour_6172,-57340.13497446198
tour_6174,1394533.8690531896
tour_6191,2228613.2035042075
tour_6195,1074290.3887812477
tour_6199,1271344.3040513461
tour_62,7371367.434354293
tour_620,2401004.5114075113
tour_6202,41186.82266058726
tour_6204,139713.7802956365
tour_6209,361430.3029325288
tour_6213,1195509.6373835467
tour_6215,41186.82266058726
tour_6218,-155867.09260951122
tour_6228,776739.199476555
tour_6237,-57340.13497446198
tour_6241,2444897.868378591
tour_6244,3760687.6155148083
tour_625,267299.3021465512
tour_6252,1369871.2616863959
tour_6261,998455.7221134482
tour_6262,2006896.6808673143
tour_6263,2530530.134124049
tour_6266,2425667.118774306
tour_6267,41186.82266058726
tour_6272,3208574.3939243173
tour_6273,4573565.883961995
tour_6280,2006896.6808673143
tour_6281,-623500.8314185878
tour_6282,41186.82266058726
tour_6284,1566925.1769564943
tour_6290,-57340.13497446198
tour_6291,6303944.459487208
tour_6293,1172817.3464162974
tour_6296,1074290.3887812477
tour_6302,11399222.107780013
tour_6307,8460758.432958193
tour_6309,41186.82266058726
tour_6310,-2291659.500320623
tour_6322,1172817.3464162974
tour_6328,-57340.13497446198
tour_6329,-57340.13497446198
tour_6331,1271344.3040513461
tour_6338,-2790660.561744485
tour_634,2629057.0917590978
tour_6340,2228613.2035042075
tour_6342,2006896.6808673143
tour_6343,-57340.13497446198
tour_6347,2327140.1611392563
tour_6349,776739.199476555
tour_6350,1271344.3040513461
tour_6351,-2815323.169111279
tour_6353,1493060.8266882384
tour_6358,238240.73793068575
tour_6362,3085384.828922474
tour_6363,2727584.0493941465
tour_6365,4791820.865235924
tour_6366,435294.65320078423
tour_6371,3982404.1381516987
tour_6379,2006896.6808673143
tour_6383,1493060.8266882384
tour_6391,238240.73793068575
tour_6404,1491090.510288694
tour_6413,41186.82266058726
tour_6415,1908369.7232322646
tour_6416,-3012377.0843813773
tour_6417,-1289584.814815372
tour_6421,2105423.638502363
tour_6425,-254394.05024456047
tour_6427,6530056.938973171
tour_6434,2450329.726141099
tour_6437,238240.73793068575
tour_6442,-32677.52760766819
tour_6446,3456800.3684954215
tour_6451,-1608337.0701238941
tour_6457,776739.199476555
tour_6463,2228613.2035042075
tour_6464,139713.7802956365
tour_6467,2629057.0917590978
tour_6472,2327140.1611392563
tour_6473,3931572.160197676
tour_6474,2727584.0493941465
tour_648,3306356.61942502
tour_653,-906828.2492626286
tour_659,10507895.609558463
tour_66,3313311.927563402
tour_660,16241619.369785715
tour_661,5764232.413378526
tour_663,1931062.0141995149
tour_665,1124983.356646129
tour_667,6515867.206875202
tour_67,13071410.448976345
tour_674,1591587.7843232881
tour_677,1493060.8266882384
tour_682,7883531.22777116
tour_683,2153680.7269100593
tour_685,6067362.928561182
tour_690,4866138.52967563
tour_7,5309118.260777963
tour_700,952592.0487428242
tour_701,22738342.736588586
tour_704,4166136.4720348
tour_705,-1461976.1227186767
tour_707,4414685.350348264
tour_711,10506669.372808177
tour_714,1937861.6250933167
tour_718,17497591.39315229
tour_726,13634152.940704815
tour_729,21279047.656177968
tour_733,17655524.885924116
tour_734,6192522.809962568
tour_735,6292417.520728911
tour_742,4501069.286825034
tour_747,3469053.8235565284
tour_750,3365073.0217541745
tour_753,3515799.7104745405
tour_757,7525162.790270573
tour_759,11050947.496932577
tour_764,139713.7802956365
tour_765,1880213.3490900537
tour_771,4518796.56257971
tour_772,5208485.266025054
tour_776,9025829.446528941
tour_780,20740549.194632098
tour_787,10703697.79607584
tour_791,6865716.270066216
tour_794,1150417.7436574847
tour_798,22154136.29891668
tour_805,41186.82266058726
tour_816,262903.34529747954
tour_817,657011.1758376765
tour_819,7904127.7206282085
tour_830,4897863.694062041
tour_831,4216628.466948062
tour_836,17096883.068445675
tour_837,-1608337.0701238941
tour_843,6553808.877953383
tour_844,2549029.189523287
tour_850,3275919.472185974
tour_861,1642280.7521881694
tour_863,9644304.39672013
tour_870,2923131.201443809
tour_874,336767.695565735
tour_878,3802478.2357787183
tour_879,-1067868.2921784797
tour_88,13537152.722816464
tour_881,336767.695565735
tour_882,2870467.9171793843
tour_888,61791.91517768614
tour_890,2105423.638502363
tour_891,41186.82266058726
tour_892,4977074.639616366
tour_894,1566925.1769564943
tour_897,5300656.189419146
tour_901,14615641.577547621
tour_903,2850773.614395989
tour_905,336767.695565735
tour_906,12265972.063231122
tour_915,1124983.356646129
tour_918,20991920.259604186
tour_921,139713.7802956365
tour_923,12327152.337330975
tour_925,3926263.7742672926
tour_931,13364741.438386895
tour_937,5775140.101713135
tour_938,768130.0305332085
tour_941,12034193.078036182
tour_942,16615599.545257885
tour_947,3521717.1078209532
tour_95,9007737.590960022
tour_950,-57340.13497446198
tour_958,4715850.4778498085
tour_959,9574940.96911072
tour_96,730875.526105932
tour_963,7815243.42537113
tour_964,5147055.354877974
tour_965,1394533.8690531896
tour_968,3926263.7742672926
tour_971,14693425.877412703
tour_972,5900280.006588259
tour_977,3062692.5379552245
tour_988,-155867.09260951122
tour_990,16419444.496343374
tour_992,1566925.1769564943
tour_996,-1585165.6877205197
tour_998,4048864.304379371
